date,latitude,longitude,temperature,humidity,wind_speed,solar_radiation,heatwave,temperature_previous_day,temperature_3day_avg,temperature_7day_avg
2023-01-07,26.68738394594556,80.63478274287326,38.9,45.53,8.72,506.65,0,29.83,32.85333333333333,33.60142857142857
2023-01-08,26.920405879555496,81.17343717396294,34.84,70.29,14.14,411.53,0,38.9,34.52333333333333,33.79571428571428
2023-01-09,26.949150755041156,80.83498353348786,28.65,75.88,6.41,431.74,0,34.84,34.13,33.558571428571426
2023-01-10,26.75938325920357,81.16111560087883,33.71,33.62,6.67,668.33,0,28.65,32.4,33.48285714285714
2023-01-11,27.05534283051635,80.75956009926004,28.68,42.25,6.44,650.96,0,33.71,30.346666666666664,32.06285714285714
2023-01-12,26.68378372018212,80.8930224828747,28.67,29.41,6.61,593.1,0,28.68,30.353333333333335,31.897142857142857
2023-01-13,27.15495405411004,80.96432171138851,32.21,55.96,6.41,388.92,0,28.67,29.853333333333335,32.23714285714286
2023-01-14,26.37890711191364,80.59923439047648,21.43,70.76,10.97,482.03,0,32.21,27.436666666666667,29.74142857142857
2023-01-15,26.894232852841245,81.20928852089705,22.38,82.54,11.55,665.57,0,21.43,25.34,27.961428571428574
2023-01-16,27.5286251496704,80.77037525173495,28.19,61.11,6.57,537.01,0,22.38,24.0,27.895714285714288
2023-01-17,26.49988403638805,80.869990029631,25.94,84.43,5.92,798.32,0,28.19,25.503333333333334,26.785714285714285
2023-01-18,26.612789260316305,80.60197771888703,32.57,39.3,9.18,567.2,0,25.94,28.900000000000002,27.34142857142857
2023-01-19,27.02986774738062,80.05318321942164,26.46,34.45,6.62,543.05,0,32.57,28.323333333333334,27.025714285714287
2023-01-20,26.91285362367886,80.88314028308994,23.94,59.17,9.58,482.91,0,26.46,27.656666666666666,25.844285714285714
2023-01-21,26.972720534745747,81.79441539756452,38.33,65.76,8.51,536.02,0,23.94,29.576666666666664,28.25857142857143
2023-01-22,27.021215495551683,81.22461150076431,29.87,59.51,4.21,501.7,0,38.33,30.713333333333328,29.32857142857143
2023-01-23,27.07215251399662,80.94325886709296,31.34,28.99,11.87,604.97,0,29.87,33.18,29.778571428571432
2023-01-24,27.23839494468468,80.8579882097771,23.88,58.66,12.49,634.8,0,31.34,28.36333333333333,29.484285714285715
2023-01-25,26.99343652992498,80.95786306248422,28.28,40.43,6.47,425.68,0,23.88,27.83333333333333,28.87142857142857
2023-01-26,26.76555982088351,81.14149169031133,31.55,70.05,7.03,360.25,0,28.28,27.903333333333332,29.59857142857143
2023-01-27,27.08540079542096,80.53671551464191,25.25,65.5,8.71,299.66,0,31.55,28.36,29.785714285714285
2023-01-28,27.514958677213325,81.3400125931341,32.88,45.9,8.84,580.96,0,25.25,29.893333333333334,29.00714285714286
2023-01-29,26.8035781887661,81.20038346040444,28.0,52.29,9.65,387.6,0,32.88,28.709999999999997,28.740000000000002
2023-01-30,26.50891474336528,81.20136500399778,29.54,44.11,13.03,261.65,0,28.0,30.139999999999997,28.482857142857142
2023-01-31,27.23747823425044,81.10346650858341,27.99,59.06,7.56,566.63,0,29.54,28.509999999999994,29.07
2023-02-01,26.807866592616243,80.9568658301929,40.26,74.33,6.0,819.16,0,27.99,32.596666666666664,30.78142857142857
2023-02-02,26.08956565889509,81.1855014325884,30.93,45.21,4.55,519.27,0,40.26,33.06,30.692857142857147
2023-02-03,27.14659758700265,81.15713494680949,25.71,67.56,6.17,620.62,0,30.93,32.3,30.75857142857143
2023-02-04,26.66263513491613,80.82608575117064,35.11,52.05,7.92,529.82,0,25.71,30.583333333333332,31.077142857142857
2023-02-05,26.818313351193545,80.74923937948608,24.9,48.11,12.49,508.13,0,35.11,28.573333333333334,30.634285714285713
2023-02-06,26.96619311569916,80.98564970334169,32.04,58.39,6.71,630.29,0,24.9,30.683333333333334,30.99142857142857
2023-02-07,26.916674887922674,81.49215705302332,21.2,44.47,8.56,485.17,0,32.04,26.046666666666667,30.02142857142857
2023-02-08,27.098308135998664,80.51631252352114,24.36,51.7,7.96,552.09,0,21.2,25.866666666666664,27.75
2023-02-09,26.69757977030056,80.43636615698665,31.98,42.03,10.97,558.6,0,24.36,25.846666666666664,27.9
2023-02-10,27.02958702936163,81.00766629443278,34.69,89.47,14.32,439.83,0,31.98,30.343333333333334,29.182857142857138
2023-02-11,26.759158662845632,80.9678106956496,31.86,60.53,6.67,639.05,0,34.69,32.843333333333334,28.71857142857143
2023-02-12,27.108583668310622,81.01066958252964,30.42,49.5,6.78,499.0,0,31.86,32.32333333333333,29.507142857142856
2023-02-13,27.06537861940457,81.03538361926798,29.49,63.21,10.61,429.31,0,30.42,30.59,29.142857142857142
2023-02-14,26.522596454284397,80.87187921087782,23.61,58.32,9.7,584.38,0,29.49,27.84,29.487142857142857
2023-02-15,27.230093740661264,81.47145220351074,27.4,56.69,12.62,412.18,0,23.61,26.833333333333332,29.92142857142857
2023-02-16,26.662412794210084,80.38968360753323,28.7,69.21,9.46,523.38,0,27.4,26.570000000000004,29.452857142857145
2023-02-17,27.1328202293984,80.66002604132692,36.29,71.36,7.1,518.91,0,28.7,30.796666666666667,29.681428571428572
2023-02-18,26.978550559690472,80.91386083394784,32.72,52.04,9.48,650.31,0,36.29,32.57,29.804285714285715
2023-02-19,27.493364286878293,80.37488391609604,22.18,51.36,10.77,576.96,0,32.72,30.396666666666665,28.627142857142854
2023-02-20,26.77178690616985,80.88845095844877,32.62,55.87,10.05,517.0,0,22.18,29.173333333333332,29.07428571428571
2023-02-21,26.72773912135863,81.53151455800482,29.07,25.47,9.27,618.13,0,32.62,27.956666666666667,29.854285714285716
2023-02-22,26.84320313793929,80.95731027090359,27.62,37.27,10.67,686.82,0,29.07,29.77,29.885714285714283
2023-02-23,26.743887076008004,81.03074531700155,34.06,80.5,10.92,586.94,0,27.62,30.25,30.65142857142857
2023-02-24,27.12997966567972,80.5089423321896,36.15,84.67,11.46,521.24,0,34.06,32.61000000000001,30.631428571428568
2023-02-25,26.2842912870472,80.73427350718619,35.66,56.26,9.62,362.58,0,36.15,35.29,31.05142857142857
2023-02-26,26.481211153298776,80.81868126688663,26.8,68.65,7.58,392.19,0,35.66,32.87,31.711428571428574
2023-02-27,26.476268977447283,80.83879971613533,29.45,64.67,8.37,483.37,0,26.8,30.636666666666667,31.25857142857143
2023-02-28,27.182607657190754,81.39857532825133,32.66,95.0,11.02,446.86,0,29.45,29.636666666666667,31.771428571428572
2023-03-01,27.448714680403675,81.1451918712538,35.88,76.79,5.96,497.56,0,32.66,32.663333333333334,32.95142857142857
2023-03-02,26.813442773511888,80.56098971507204,28.6,58.08,8.92,526.8,0,35.88,32.38,32.17142857142857
2023-03-03,26.7909123968835,81.03627667245121,30.07,45.67,7.02,583.56,0,28.6,31.51666666666667,31.302857142857142
2023-03-04,26.874518257089616,81.12437761197388,25.47,35.9,8.07,511.54,0,30.07,28.046666666666667,29.84714285714286
2023-03-05,27.25665740591287,81.34905216348244,25.02,63.05,11.2,578.38,0,25.47,26.853333333333335,29.592857142857145
2023-03-06,26.5254264030333,81.50318924029894,35.06,48.65,8.48,527.74,0,25.02,28.51666666666667,30.39428571428571
2023-03-07,26.933429143957177,80.59471703286025,37.78,38.67,8.12,282.94,0,35.06,32.620000000000005,31.125714285714285
2023-03-08,27.191319170423853,80.66619987107639,30.64,50.3,4.6,407.28,0,37.78,34.49333333333334,30.37714285714286
2023-03-09,27.025382959478947,80.50984774937989,36.02,43.78,9.87,502.71,0,30.64,34.81333333333334,31.437142857142856
2023-03-10,26.91635356580956,80.86809304931256,32.81,85.31,9.61,374.84,0,36.02,33.15666666666667,31.82857142857143
2023-03-11,27.2003661323985,81.11322543105622,27.77,73.22,13.41,591.99,0,32.81,32.2,32.15714285714286
2023-03-12,25.903868697450267,81.2955670808062,32.81,59.88,7.23,703.69,0,27.77,31.130000000000006,33.269999999999996
2023-03-13,27.08725636183582,80.92341714172512,38.69,82.2,8.55,666.25,0,32.81,33.09,33.78857142857142
2023-03-14,26.621073510905404,80.8380533668608,30.82,61.16,8.62,494.39,0,38.69,34.10666666666667,32.79428571428572
2023-03-15,26.20927848610024,81.00311529728707,38.82,47.08,11.94,698.89,0,30.82,36.11000000000001,33.962857142857146
2023-03-16,27.028920909833744,80.6576999844295,17.9,82.85,7.76,537.84,0,38.82,29.180000000000003,31.374285714285715
2023-03-17,27.33078049080704,81.68133855259317,35.11,68.08,8.7,479.55,0,17.9,30.610000000000003,31.70285714285714
2023-03-18,26.80189301988031,80.38731864050868,31.44,44.44,9.52,446.39,0,35.11,28.150000000000002,32.22714285714286
2023-03-19,27.18350609152103,81.0146592026135,29.5,57.14,8.47,483.7,0,31.44,32.01666666666667,31.75428571428571
2023-03-20,27.414297390296028,81.65826217673037,31.46,46.87,6.88,473.42,0,29.5,30.8,30.721428571428568
2023-03-21,27.310220058754417,80.95237994559601,21.06,39.26,8.49,540.45,0,31.46,27.340000000000003,29.327142857142857
2023-03-22,27.42398758527999,80.88348633774947,29.9,73.89,10.68,539.27,0,21.06,27.47333333333334,28.052857142857142
2023-03-23,27.10974462187516,80.82489410201636,32.79,88.64,5.43,520.37,0,29.9,27.916666666666668,30.18
2023-03-24,26.87640177361556,80.88686291138316,38.39,39.02,8.33,572.43,0,32.79,33.693333333333335,30.648571428571433
2023-03-25,26.289311965835992,81.43049696613679,28.41,68.44,6.25,662.88,0,38.39,33.196666666666665,30.215714285714288
2023-03-26,26.76387812915452,80.17584833103467,26.96,50.24,10.99,633.95,0,28.41,31.253333333333334,29.852857142857143
2023-03-27,26.554863691639333,81.48670179545371,28.49,52.69,4.19,341.81,0,26.96,27.953333333333337,29.428571428571427
2023-03-28,27.60982995112424,80.45161499664245,35.58,51.11,6.6,213.53,0,28.49,30.343333333333334,31.502857142857142
2023-03-29,26.788439965648685,80.85667168476796,32.64,47.04,8.94,632.12,0,35.58,32.23666666666667,31.89428571428571
2023-03-30,26.89312168237457,80.79976445289547,28.35,60.73,11.91,355.97,0,32.64,32.190000000000005,31.259999999999998
2023-03-31,27.043019881614164,81.15599364441975,33.57,47.54,7.84,493.03,0,28.35,31.52,30.571428571428573
2023-04-01,26.86526085623036,80.39065647684069,31.49,64.06,6.61,379.59,0,33.57,31.13666666666667,31.01142857142857
2023-04-02,27.44326786415077,81.11176043312868,35.84,59.25,12.7,303.76,0,31.49,33.63333333333333,32.28
2023-04-03,26.632072723392945,81.65850836815041,27.49,56.42,4.38,584.98,0,35.84,31.60666666666667,32.137142857142855
2023-04-04,26.91811260933304,80.47288909839251,29.36,46.39,2.5,611.1,0,27.49,30.896666666666672,31.248571428571427
2023-04-05,26.590135295005684,81.01639715866364,29.04,51.35,9.1,450.82,0,29.36,28.630000000000006,30.73428571428571
2023-04-06,26.38799212107276,80.71830623777119,23.68,71.33,6.74,209.07,0,29.04,27.360000000000003,30.06714285714286
2023-04-07,26.63588081818315,81.09906052216756,32.48,67.51,5.45,454.45,0,23.68,28.400000000000006,29.91142857142857
2023-04-08,26.837037121033056,80.95670172209552,32.31,45.34,9.77,567.02,0,32.48,29.490000000000006,30.02857142857143
2023-04-09,26.69974422141896,80.72547958183449,31.03,61.49,8.61,342.53,0,32.31,31.94000000000001,29.34142857142857
2023-04-10,26.607652657044152,81.12075529970488,29.83,71.27,6.59,542.0,0,31.03,31.056666666666672,29.675714285714285
2023-04-11,26.35778888771486,81.58152183842536,23.92,34.96,4.8,518.16,0,29.83,28.260000000000005,28.898571428571433
2023-04-12,26.82091304957996,80.88318367289544,28.9,68.15,10.18,589.51,0,23.92,27.55,28.87857142857143
2023-04-13,26.32334786908915,81.20191527975187,29.29,50.06,9.63,534.35,0,28.9,27.370000000000005,29.68
2023-04-14,27.11601958729136,80.4973544647451,26.99,68.56,7.75,403.23,0,29.29,28.393333333333334,28.895714285714284
2023-04-15,26.87885391352708,80.6152472681137,30.19,48.55,12.62,663.59,0,26.99,28.823333333333338,28.592857142857138
2023-04-16,26.339856975187278,81.11534219725813,33.02,32.93,5.32,500.98,0,30.19,30.066666666666674,28.87714285714286
2023-04-17,26.74177682303255,81.46944060998759,40.43,35.59,4.19,516.72,0,33.02,34.546666666666674,30.391428571428573
2023-04-18,26.586745258043297,81.07446467207498,31.87,60.72,6.27,408.01,0,40.43,35.106666666666676,31.527142857142856
2023-04-19,26.961711078646715,80.84042968931689,32.29,63.9,7.89,466.81,0,31.87,34.86333333333334,32.011428571428574
2023-04-20,27.319157656108104,80.94975199189818,30.63,46.44,8.61,413.82,0,32.29,31.596666666666675,32.20285714285715
2023-04-21,26.19368963562399,80.5123572931106,21.41,69.58,7.4,499.25,0,30.63,28.110000000000003,31.405714285714286
2023-04-22,26.8902591277016,81.16158036422438,30.87,35.08,8.88,725.41,0,21.41,27.63666666666667,31.502857142857145
2023-04-23,26.79395352155168,81.2588165718132,31.3,59.01,4.87,355.37,0,30.87,27.860000000000003,31.25714285714286
2023-04-24,27.084969026757665,80.79176838350843,43.32,41.83,11.61,326.37,0,31.3,35.163333333333334,31.669999999999998
2023-04-25,26.924618819883197,80.78548524828417,30.04,50.22,7.79,696.54,0,43.32,34.88666666666667,31.408571428571427
2023-04-26,26.58681073389141,81.04305738037822,32.51,60.71,10.79,494.88,0,30.04,35.29,31.439999999999998
2023-04-27,26.738331122516684,80.7971480923858,30.83,47.09,8.86,439.71,0,32.51,31.12666666666667,31.46857142857143
2023-04-28,26.57139095011878,80.92685358488096,25.16,54.23,9.14,644.79,0,30.83,29.500000000000004,32.004285714285714
2023-04-29,27.22660249850951,81.68490262620828,36.71,75.09,9.42,447.33,0,25.16,30.900000000000006,32.83857142857143
2023-04-30,26.85745907703518,80.8635410047389,34.76,51.35,9.12,739.12,0,36.71,32.21,33.332857142857144
2023-05-01,27.515416740013556,80.82458094679258,34.96,72.54,9.61,601.35,0,34.76,35.47666666666667,32.13857142857143
2023-05-02,26.828768715164884,80.7233603680277,26.45,43.05,11.32,461.45,0,34.96,32.056666666666665,31.625714285714285
2023-05-03,26.60205763158134,81.21046719002499,38.01,67.95,8.49,778.88,0,26.45,33.14000000000001,32.41142857142857
2023-05-04,26.320199962585512,80.88657153937366,23.99,81.62,9.77,447.31,0,38.01,29.483333333333334,31.434285714285714
2023-05-05,26.21890111331042,80.72271943658751,33.93,22.93,7.78,609.05,0,23.99,31.97666666666667,32.68714285714286
2023-05-06,26.29555241994808,81.41245641129555,41.95,48.05,11.6,555.92,0,33.93,33.29,33.43571428571429
2023-05-07,26.94349432785402,81.44686105157977,26.05,68.66,6.31,676.21,0,41.95,33.97666666666667,32.191428571428574
2023-05-08,27.02805375813048,80.73985175199145,28.17,56.95,12.5,707.38,0,26.05,32.056666666666665,31.22142857142857
2023-05-09,26.296583254288755,80.29671101702378,31.5,65.57,7.9,523.84,0,28.17,28.573333333333334,31.942857142857147
2023-05-10,27.163263409926643,81.30262979144293,28.48,50.94,4.42,429.59,0,31.5,29.383333333333336,30.581428571428575
2023-05-11,26.6809286319108,80.710379560984,23.25,61.3,8.32,575.2,0,28.48,27.743333333333336,30.475714285714286
2023-05-12,26.901377554194944,81.22671895970697,31.34,57.66,6.3,438.67,0,23.25,27.69,30.10571428571429
2023-05-13,27.4142772198894,80.26046366380086,25.69,77.52,10.1,761.61,0,31.34,26.76,27.782857142857146
2023-05-14,27.163893760552934,81.26240906840476,33.37,63.82,6.37,536.38,0,25.69,30.133333333333336,28.82857142857143
2023-05-15,26.75601427323296,80.52608982475174,26.4,65.06,6.88,476.16,0,33.37,28.486666666666665,28.57571428571428
2023-05-16,26.53808272110465,81.20576744167329,38.75,53.82,3.28,542.16,0,26.4,32.839999999999996,29.61142857142857
2023-05-17,26.096864609534745,80.95499557374275,27.08,52.69,6.87,358.34,0,38.75,30.743333333333336,29.41142857142857
2023-05-18,26.598296338265158,80.61612120321118,29.39,53.51,1.94,403.41,0,27.08,31.74,30.288571428571426
2023-05-19,26.77610441641031,80.80753729047564,35.07,65.92,4.04,664.05,0,29.39,30.513333333333332,30.821428571428573
2023-05-20,26.504487165497085,81.19021145993484,24.85,53.69,9.9,441.17,0,35.07,29.77,30.701428571428572
2023-05-21,26.804060061517696,80.98706305859034,32.14,64.35,9.96,394.37,0,24.85,30.686666666666667,30.525714285714287
2023-05-22,26.87689815903557,81.15454454316537,37.54,91.13,9.06,584.4,0,32.14,31.51,32.11714285714286
2023-05-23,26.77130040636717,81.64175420458042,22.96,73.07,5.58,662.28,0,37.54,30.880000000000006,29.86142857142857
2023-05-24,26.622499096711792,80.40251543590114,31.92,55.11,7.88,606.27,0,22.96,30.80666666666667,30.552857142857142
2023-05-25,26.909029135188355,81.51602440123902,32.3,78.02,7.99,639.53,0,31.92,29.060000000000002,30.968571428571433
2023-05-26,27.004679227349296,80.98652457813313,34.91,53.88,5.1,429.18,0,32.3,33.04333333333333,30.945714285714285
2023-05-27,26.46836032289501,80.63542558308691,24.82,29.43,11.76,349.38,0,34.91,30.676666666666666,30.94142857142857
2023-05-28,27.343826332911195,80.48439023099135,24.4,44.88,10.19,700.16,0,24.82,28.043333333333333,29.835714285714282
2023-05-29,26.81549415370051,80.88380786322804,33.61,31.94,7.45,481.28,0,24.4,27.61,29.274285714285714
2023-05-30,26.856597368030695,81.27257753917357,32.48,54.73,8.07,489.9,0,33.61,30.16333333333333,30.63428571428571
2023-05-31,27.0978750481398,80.90535780786787,32.25,60.28,8.52,679.38,0,32.48,32.78,30.68142857142857
2023-06-01,26.931625645942223,81.47890422558658,32.73,85.15,2.9,586.75,0,32.25,32.48666666666666,30.74285714285714
2023-06-02,27.18359782186964,80.44208850848196,27.6,64.9,7.38,574.71,0,32.73,30.86,29.69857142857143
2023-06-03,26.95049345782064,80.94576886825388,32.16,56.71,6.3,779.8,0,27.6,30.83,30.747142857142855
2023-06-04,26.63564691887585,80.5116622944554,32.47,72.44,5.5,442.78,0,32.16,30.74333333333333,31.9
2023-06-05,26.97652623382214,81.07727115891875,27.43,26.83,7.3,631.34,0,32.47,30.686666666666667,31.017142857142858
2023-06-06,26.44969582743777,81.26041058653406,40.33,63.53,12.49,526.84,0,27.43,33.41,32.13857142857143
2023-06-07,26.887995897021785,80.80273337221163,33.37,71.56,9.6,552.23,0,40.33,33.71,32.29857142857143
2023-06-08,26.83836950327444,80.0385251501805,25.04,37.82,6.57,703.42,0,33.37,32.91333333333333,31.2
2023-06-09,26.777159099954613,81.01963185137878,34.28,77.16,9.43,580.94,0,25.04,30.896666666666665,32.15428571428571
2023-06-10,26.80501187099637,81.10285849310674,26.13,65.08,11.5,584.6,0,34.28,28.483333333333334,31.29285714285714
2023-06-11,26.19135283407583,81.0915031642366,34.94,53.77,10.31,648.7,0,26.13,31.78333333333333,31.645714285714284
2023-06-12,26.657946282290663,81.38252376713776,36.79,69.49,8.15,476.21,0,34.94,32.62,32.982857142857135
2023-06-13,26.88249571539939,80.57513121212284,26.9,94.06,6.38,419.29,0,36.79,32.876666666666665,31.064285714285713
2023-06-14,26.90594973719909,81.18807563690766,35.82,62.73,9.75,394.62,0,26.9,33.17,31.41428571428571
2023-06-15,26.49031370067592,81.3673776293673,33.06,63.72,8.98,284.04,0,35.82,31.926666666666666,32.559999999999995
2023-06-16,27.29299774430265,80.32749434559773,35.11,53.11,10.24,766.74,0,33.06,34.663333333333334,32.67857142857143
2023-06-17,26.546838803124928,81.06187813907164,40.48,47.25,9.59,387.61,0,35.11,36.21666666666667,34.72857142857143
2023-06-18,27.18931002018436,80.77353705914732,29.77,72.46,10.62,493.45,0,40.48,35.12,33.99
2023-06-19,26.99951802665509,80.92146706441443,27.23,47.16,6.66,486.78,0,29.77,32.49333333333333,32.62428571428571
2023-06-20,26.62382044155467,81.07168676923843,26.55,61.07,11.29,556.89,0,27.23,27.850000000000005,32.574285714285715
2023-06-21,27.47135881241333,80.77947000256026,26.92,52.84,8.49,617.89,0,26.55,26.900000000000006,31.302857142857142
2023-06-22,26.432227108885236,80.71350217229345,30.61,67.18,13.19,623.26,0,26.92,28.02666666666667,30.952857142857145
2023-06-23,27.1717039607635,80.96195334612081,32.71,65.0,6.28,450.03,0,30.61,30.080000000000002,30.609999999999996
2023-06-24,27.200203811315045,80.56946392139803,32.38,75.56,12.34,499.95,0,32.71,31.900000000000006,29.452857142857145
2023-06-25,26.615282926823177,80.56996120489019,35.14,52.35,8.49,553.91,0,32.38,33.410000000000004,30.22
2023-06-26,27.33736285502252,81.18778064903478,31.07,55.95,6.37,490.16,0,35.14,32.86333333333334,30.768571428571427
2023-06-27,26.76248371989037,80.54792208769447,38.27,45.32,6.79,712.88,0,31.07,34.826666666666675,32.44285714285714
2023-06-28,26.951042770247952,81.18320937531823,29.68,53.34,7.2,578.92,0,38.27,33.00666666666667,32.83714285714286
2023-06-29,26.94111264356993,81.11190695249888,44.6,65.66,9.06,608.19,0,29.68,37.51666666666667,34.83571428571428
2023-06-30,26.80299194048531,80.34596764492329,34.13,71.35,9.31,599.55,0,44.6,36.13666666666666,35.03857142857142
2023-07-01,27.133782895605925,80.71285237168253,26.71,46.17,6.57,660.82,0,34.13,35.14666666666667,34.22857142857143
2023-07-02,27.12772105219328,81.36793829106658,25.65,73.04,7.94,541.72,0,26.71,28.830000000000002,32.87285714285714
2023-07-03,26.23801380936664,80.60659206410111,33.41,80.33,13.36,364.38,0,25.65,28.59,33.20714285714286
2023-07-04,27.30651908500736,80.78745850819172,29.88,66.2,12.32,567.96,0,33.41,29.646666666666665,32.00857142857143
2023-07-05,26.268127804187515,81.11172131263817,34.57,88.15,9.09,441.84,0,29.88,32.62,32.707142857142856
2023-07-06,27.21139117151958,81.22418667824891,33.37,48.39,8.1,456.57,0,34.57,32.60666666666666,31.102857142857143
2023-07-07,27.24434679788965,80.86196138988443,30.64,41.33,8.3,590.36,0,33.37,32.86,30.604285714285712
2023-07-08,26.46816174942468,80.74087143185793,26.77,33.32,9.53,668.59,0,30.64,30.259999999999994,30.61285714285714
2023-07-09,26.70621499921589,81.44782945159449,23.43,82.44,5.44,522.55,0,26.77,26.946666666666662,30.295714285714286
2023-07-10,26.463003366029923,81.55861488232915,28.77,69.82,7.36,557.06,0,23.43,26.323333333333334,29.632857142857144
2023-07-11,26.774777639398945,81.29260031777363,35.28,59.17,3.83,724.27,0,28.77,29.159999999999997,30.404285714285717
2023-07-12,26.74218800053499,80.97986134989776,32.07,64.2,9.0,548.89,0,35.28,32.04,30.047142857142855
2023-07-13,27.122881186294272,80.66710699742568,24.77,43.12,9.62,832.2,0,32.07,30.706666666666663,28.81857142857143
2023-07-14,27.308608061141864,80.6593444577052,31.87,95.0,6.79,587.86,0,24.77,29.569999999999997,28.994285714285713
2023-07-15,27.338489333776486,81.13287993684301,32.93,61.94,11.93,308.71,0,31.87,29.856666666666666,29.874285714285715
2023-07-16,26.6532411906976,81.09643937731104,26.58,61.64,4.94,610.4,0,32.93,30.459999999999997,30.324285714285715
2023-07-17,26.776772344189418,81.44055950753125,31.77,70.89,4.34,565.74,0,26.58,30.426666666666662,30.752857142857142
2023-07-18,26.26079663272267,81.17765753238766,31.29,67.22,8.56,674.77,0,31.77,29.879999999999995,30.18285714285714
2023-07-19,26.567945476726337,80.42392189438407,25.29,63.36,10.62,600.78,0,31.29,29.45,29.214285714285715
2023-07-20,27.187698071584112,81.31818166620302,32.79,48.14,12.21,503.39,0,25.29,29.789999999999996,30.359999999999996
2023-07-21,27.41545398824188,80.60067878043996,33.8,67.07,6.85,373.08,0,32.79,30.62666666666666,30.635714285714283
2023-07-22,26.41797789484203,80.81561005481667,36.42,88.23,10.7,494.92,0,33.8,34.336666666666666,31.134285714285713
2023-07-23,26.642637509296488,81.03757007218809,36.27,80.18,7.9,417.94,0,36.42,35.49666666666666,32.51857142857143
2023-07-24,26.84075798506438,81.64848362142439,24.11,83.9,7.57,450.34,0,36.27,32.26666666666666,31.424285714285713
2023-07-25,26.948056405586865,82.03847149460188,26.31,52.33,10.21,590.63,0,24.11,28.89666666666666,30.71285714285714
2023-07-26,26.566638768027424,81.16235307069766,33.58,45.16,9.63,720.39,0,26.31,27.99999999999999,31.897142857142853
2023-07-27,26.998421365562432,80.88588118344786,33.57,58.11,4.06,567.36,0,33.58,31.153333333333325,32.00857142857143
2023-07-28,26.684156228525183,81.13707697696819,33.58,60.84,11.69,376.49,0,33.57,33.57666666666666,31.977142857142855
2023-07-29,26.844941705192603,81.26067939905585,50.26,76.41,11.45,573.35,0,33.58,39.136666666666656,33.95428571428572
2023-07-30,27.041199486801297,80.83776633105498,33.85,34.61,6.44,663.6,0,50.26,39.23,33.60857142857143
2023-07-31,26.85224779443383,81.57832397456932,36.68,82.94,8.99,446.83,0,33.85,40.26333333333333,35.40428571428571
2023-08-01,26.6972649383157,81.03052476571699,35.77,57.63,9.24,503.92,0,36.68,35.43333333333333,36.75571428571429
2023-08-02,26.81163656862596,81.12421008118199,34.26,53.6,8.65,521.76,0,35.77,35.56999999999999,36.85285714285715
2023-08-03,26.81907296427813,81.18307348821907,29.42,44.82,6.62,425.81,0,34.26,33.15,36.26
2023-08-04,26.720496139541257,81.09755531371506,34.79,35.18,6.32,597.79,0,29.42,32.82333333333332,36.432857142857145
2023-08-05,26.75942137806652,81.24362917516437,27.14,72.35,7.94,505.49,0,34.79,30.45,33.13
2023-08-06,27.40952650967665,80.73396138470858,29.82,61.1,10.93,570.34,0,27.14,30.583333333333325,32.55428571428571
2023-08-07,27.046321806779435,80.7545943861189,28.57,40.65,9.36,413.5,0,29.82,28.50999999999999,31.395714285714284
2023-08-08,26.7465818886898,80.5649460184599,31.41,40.57,7.07,467.51,0,28.57,29.933333333333326,30.77285714285714
2023-08-09,27.09393404157876,81.10382543071708,42.57,54.96,9.93,606.69,0,31.41,34.18333333333333,31.959999999999997
2023-08-10,26.7331631785854,81.22262777622925,21.66,85.04,0.88,475.26,0,42.57,31.879999999999995,30.851428571428574
2023-08-11,27.260593623155327,81.11022050315316,34.43,56.11,10.87,727.24,0,21.66,32.886666666666656,30.800000000000004
2023-08-12,26.97937476726933,81.53607235167163,22.94,37.45,3.65,472.04,0,34.43,26.343333333333323,30.2
2023-08-13,26.81244424959852,80.94804139340984,28.64,56.31,7.09,546.96,0,22.94,28.66999999999999,30.03142857142857
2023-08-14,27.0067009240336,81.18405957945738,36.44,55.91,5.2,631.91,0,28.64,29.33999999999999,31.155714285714286
2023-08-15,26.300193346776027,80.56790469335124,31.32,19.55,4.76,349.8,0,36.44,32.133333333333326,31.142857142857142
2023-08-16,26.45563138588157,80.81451510413396,25.61,59.19,10.9,308.7,0,31.32,31.123333333333324,28.720000000000002
2023-08-17,26.432126247760333,81.19343821514802,27.42,56.54,6.83,336.92,0,25.61,28.116666666666656,29.54285714285714
2023-08-18,26.900030083167294,81.24718573876011,34.4,70.44,8.87,671.51,0,27.42,29.143333333333327,29.53857142857143
2023-08-19,27.456380249819784,80.84711156831754,27.35,87.73,7.88,453.78,0,34.4,29.723333333333326,30.168571428571425
2023-08-20,27.630955051167422,80.92494026184968,32.08,76.9,9.19,826.98,0,27.35,31.276666666666657,30.66
2023-08-21,27.073317885504267,80.41874418866172,31.23,55.97,8.19,452.29,0,32.08,30.219999999999988,29.915714285714284
2023-08-22,27.02529556623056,80.82503977971768,27.74,43.4,4.79,542.15,0,31.23,30.34999999999999,29.404285714285717
2023-08-23,26.219629793046543,81.26163410723193,41.72,95.0,10.49,705.05,0,27.74,33.563333333333325,31.705714285714286
2023-08-24,26.660064170093094,81.1513217556373,34.17,60.89,6.77,760.73,0,41.72,34.54333333333332,32.67
2023-08-25,26.57427568683212,81.12523300248343,20.87,60.21,4.11,767.38,0,34.17,32.25333333333332,30.737142857142857
2023-08-26,26.63270334061211,80.96742079051334,31.93,59.64,6.93,665.0,0,20.87,28.98999999999999,31.391428571428573
2023-08-27,26.791149663495325,80.95247210551986,27.69,62.97,11.75,642.89,0,31.93,26.829999999999995,30.764285714285712
2023-08-28,26.68476829780601,80.71888760118429,35.26,57.83,10.13,591.1,0,27.69,31.626666666666654,31.34
2023-08-29,26.157245066368475,81.1945899470709,27.04,51.4,7.13,613.4,0,35.26,29.99666666666666,31.240000000000002
2023-08-30,27.111768589641137,81.09734053053629,30.43,51.8,7.13,453.86,0,27.04,30.909999999999986,29.627142857142854
2023-08-31,26.474539940991068,81.12220659679748,33.52,59.51,7.2,421.82,0,30.43,30.329999999999995,29.534285714285716
2023-09-01,26.933736402438903,80.76588780506636,35.33,51.85,13.19,519.6,0,33.52,33.09333333333333,31.599999999999998
2023-09-02,27.57592893441249,80.19632997804507,25.0,49.31,8.95,499.58,0,35.33,31.28333333333332,30.609999999999996
2023-09-03,26.52821539294475,81.3340034491138,29.33,61.6,9.08,465.61,0,25.0,29.886666666666656,30.844285714285714
2023-09-04,25.964399367038787,80.78240689039706,28.63,56.18,10.58,603.57,0,29.33,27.65333333333332,29.897142857142857
2023-09-05,26.74989852234196,80.6480284825849,27.73,82.56,8.6,634.64,0,28.63,28.563333333333322,29.99571428571429
2023-09-06,27.2353358722495,81.1927176191699,39.83,20.24,7.35,530.61,0,27.73,32.063333333333325,31.33857142857143
2023-09-07,27.53542160897721,80.81279557602831,33.02,76.37,7.51,697.3,0,39.83,33.526666666666664,31.267142857142858
2023-09-08,26.41965764194165,81.32097773441632,24.7,78.69,7.82,383.0,0,33.02,32.51666666666666,29.74857142857143
2023-09-09,27.023844728132783,81.16595208235185,35.59,28.9,7.91,496.76,0,24.7,31.103333333333325,31.261428571428574
2023-09-10,26.68714134012698,81.18924926312017,41.61,54.86,9.82,433.98,0,35.59,33.96666666666666,33.01571428571429
2023-09-11,26.812918075993554,80.47191550107982,36.16,54.43,8.13,296.02,0,41.61,37.786666666666655,34.09142857142857
2023-09-12,27.775520171455963,81.37418039488524,23.4,38.89,9.83,510.08,0,36.16,33.72333333333332,33.47285714285714
2023-09-13,26.3239603850617,81.04143768593185,28.58,48.33,7.8,505.39,0,23.4,29.379999999999985,31.865714285714287
2023-09-14,26.9388088815231,80.82075300126384,37.33,43.34,8.2,701.61,0,28.58,29.769999999999985,32.481428571428566
2023-09-15,27.013692610117904,81.00018596356979,27.46,86.28,3.0,595.7,0,37.33,31.123333333333324,32.87571428571429
2023-09-16,27.230025213728773,80.3283176684856,33.22,74.04,10.29,397.1,0,27.46,32.66999999999999,32.537142857142854
2023-09-17,26.88429410371481,81.09302848401823,34.87,79.07,8.87,742.49,0,33.22,31.849999999999984,31.57428571428571
2023-09-18,26.95781768882644,80.58971997213628,26.37,70.83,10.5,666.52,0,34.87,31.48666666666665,30.17571428571429
2023-09-19,26.712923001402373,80.47656539995477,30.7,43.06,0.76,589.85,0,26.37,30.646666666666658,31.21857142857143
2023-09-20,26.94419442943579,80.41717428482374,14.79,52.13,13.22,492.82,0,30.7,23.95333333333332,29.248571428571427
2023-09-21,26.729882703575907,81.33944093124647,25.88,67.34,7.65,404.87,0,14.79,23.78999999999999,27.61285714285714
2023-09-22,27.06755016144962,80.72975781220752,29.74,41.67,10.77,475.34,0,25.88,23.469999999999988,27.93857142857143
2023-09-23,26.72063638238473,81.48680469847078,24.76,70.69,5.4,650.65,0,29.74,26.793333333333322,26.729999999999997
2023-09-24,26.981985137865767,80.7624694879317,39.16,56.4,9.53,746.15,0,24.76,31.219999999999988,27.342857142857138
2023-09-25,26.839758015210258,80.35242471484247,23.85,54.38,5.37,705.19,0,39.16,29.256666666666657,26.982857142857142
2023-09-26,27.244117587770265,80.55921644601797,28.8,70.66,6.44,461.34,0,23.85,30.60333333333332,26.71142857142857
2023-09-27,26.83201219674403,81.38253406700242,31.65,66.66,12.79,385.65,0,28.8,28.09999999999999,29.12
2023-09-28,26.229438636127597,80.89543563772217,38.21,54.59,7.52,536.91,0,31.65,32.886666666666656,30.881428571428575
2023-09-29,27.291672525249897,80.75809944622829,23.82,77.39,8.54,307.79,0,38.21,31.226666666666656,30.035714285714285
2023-09-30,26.532993694698085,81.00600637904847,36.82,43.78,10.18,558.78,0,23.82,32.94999999999999,31.75857142857143
2023-10-01,26.621181781472917,81.12562395765865,31.05,69.24,9.24,502.29,0,36.82,30.563333333333322,30.599999999999998
2023-10-02,26.64151854708478,81.34108958556587,26.09,68.9,8.38,464.08,0,31.05,31.319999999999993,30.919999999999998
2023-10-03,27.331053332609788,81.45697473046253,33.31,55.36,8.91,328.64,0,26.09,30.149999999999988,31.564285714285717
2023-10-04,26.102514025107457,80.82408097397382,32.0,64.89,14.01,581.63,0,33.31,30.466666666666658,31.614285714285717
2023-10-05,27.948211986781,80.48588330987128,28.0,41.23,7.86,456.08,0,32.0,31.103333333333325,30.155714285714286
2023-10-06,27.21961988317312,80.80528719360686,31.35,73.86,8.5,379.61,0,28.0,30.44999999999999,31.231428571428573
2023-10-07,26.928133619945207,81.04109817730401,29.07,57.23,10.63,175.33,0,31.35,29.47333333333332,30.124285714285715
2023-10-08,26.830787099784303,80.61268437582629,31.57,52.16,10.76,516.7,0,29.07,30.663333333333323,30.19857142857143
2023-10-09,26.94994392620018,80.61499717978674,34.31,75.74,10.97,732.67,0,31.57,31.649999999999988,31.372857142857146
2023-10-10,27.03239284993277,81.07032575854247,38.93,49.43,9.6,719.35,0,34.31,34.93666666666666,32.175714285714285
2023-10-11,27.075825455082523,80.93297167695034,24.81,38.87,5.14,465.15,0,38.93,32.68333333333332,31.148571428571426
2023-10-12,27.04446156310121,80.96147894839406,41.67,36.65,12.08,447.73,0,24.81,35.136666666666656,33.10142857142857
2023-10-13,26.88135323843934,80.68452663285498,21.24,69.09,5.13,576.25,0,41.67,29.239999999999984,31.657142857142862
2023-10-14,26.78093155289244,80.86935975002798,30.24,40.79,8.76,400.19,0,21.24,31.049999999999994,31.824285714285715
2023-10-15,26.79705435072127,80.6265183995061,33.94,86.32,6.11,556.22,0,30.24,28.47333333333332,32.16285714285714
2023-10-16,26.78178210187656,81.26156944389368,32.4,28.77,7.84,611.93,0,33.94,32.19333333333332,31.889999999999997
2023-10-17,27.246819533903476,81.31233726715331,27.89,85.45,8.82,667.23,0,32.4,31.409999999999993,30.312857142857144
2023-10-18,27.057744852798304,80.30383424821667,29.96,63.17,8.8,507.98,0,27.89,30.083333333333325,31.048571428571428
2023-10-19,25.820863977867504,80.62467119893266,28.53,58.55,9.05,495.56,0,29.96,28.793333333333322,29.17142857142857
2023-10-20,27.079565271785416,80.42621476071848,28.05,51.83,12.03,414.64,0,28.53,28.84666666666666,30.14428571428571
2023-10-21,26.91815766815157,80.72249162295759,35.25,65.99,9.13,420.77,0,28.05,30.609999999999996,30.860000000000003
2023-10-22,26.843451935243937,80.92079671057337,32.79,59.44,7.39,492.82,0,35.25,32.029999999999994,30.695714285714285
2023-10-23,26.71401854141889,80.44262417310551,27.54,76.55,10.41,564.08,0,32.79,31.859999999999996,30.00142857142857
2023-10-24,27.243439451995105,80.62734906540614,35.5,61.71,10.97,629.63,0,27.54,31.943333333333328,31.08857142857143
2023-10-25,27.181634261743003,80.59861491977148,32.54,62.25,4.93,423.62,0,35.5,31.859999999999996,31.45714285714286
2023-10-26,26.579492816261737,81.02254356528964,35.06,54.55,9.49,699.12,0,32.54,34.36666666666667,32.39
2023-10-27,26.992468300493588,80.9742705179627,34.15,59.15,9.75,487.47,0,35.06,33.916666666666664,33.26142857142857
2023-10-28,26.509920142910552,80.69739185633196,26.86,64.62,7.26,517.44,0,34.15,32.023333333333326,32.06285714285714
2023-10-29,26.367133642323875,81.01188730524879,28.2,34.35,11.44,430.33,0,26.86,29.73666666666666,31.407142857142855
2023-10-30,26.630648971393512,80.75866197039446,34.74,39.78,7.62,229.09,0,28.2,29.933333333333326,32.43571428571429
2023-10-31,27.15183771533397,80.85492071138589,34.05,71.15,8.31,626.09,0,34.74,32.32999999999999,32.228571428571435
2023-11-01,27.183593765881632,81.53570823160449,30.9,62.56,7.57,608.42,0,34.05,33.22999999999999,31.994285714285713
2023-11-02,27.02957989703405,81.41916136812662,31.59,57.24,8.04,486.24,0,30.9,32.17999999999999,31.498571428571427
2023-11-03,27.1037835253968,80.49514656707534,37.39,60.28,5.26,528.04,0,31.59,33.29333333333333,31.961428571428566
2023-11-04,27.03066240049024,81.24040634625771,28.04,65.21,4.4,581.91,0,37.39,32.339999999999996,32.13
2023-11-05,26.62548144167197,81.23398879407206,33.74,51.9,11.99,332.49,0,28.04,33.056666666666665,32.92142857142857
2023-11-06,27.00117289063588,80.54810784893658,29.99,48.33,5.88,456.51,0,33.74,30.589999999999993,32.24285714285714
2023-11-07,27.13014333382969,81.23657217531421,29.91,62.94,5.52,615.31,0,29.99,31.213333333333328,31.651428571428568
2023-11-08,27.114001965434756,81.4882761714444,36.49,45.32,2.62,369.49,0,29.91,32.129999999999995,32.45
2023-11-09,27.266119680016125,80.55710931781447,35.13,66.12,6.4,555.23,0,36.49,33.843333333333334,32.955714285714286
2023-11-10,27.09790634652037,80.62887401264501,35.07,34.46,4.69,357.21,0,35.13,35.56333333333333,32.62428571428571
2023-11-11,26.973006872639555,81.30618151339523,37.53,75.44,12.11,575.97,0,35.07,35.91,33.980000000000004
2023-11-12,27.224552583410752,81.04502335878898,31.11,67.09,10.52,515.72,0,37.53,34.57,33.604285714285716
2023-11-13,26.84071755926283,81.14301669633383,34.41,63.84,6.28,326.18,0,31.11,34.349999999999994,34.23571428571429
2023-11-14,26.5413438720703,81.06920622574017,29.45,74.74,13.63,659.77,0,34.41,31.656666666666663,34.17
2023-11-15,26.792926562619684,81.08674357232485,32.62,84.98,10.45,431.85,0,29.45,32.15999999999999,33.61714285714286
2023-11-16,26.589284074317742,80.48573475509113,30.35,75.22,7.19,422.77,0,32.62,30.80666666666666,32.934285714285714
2023-11-17,26.61368760375897,81.31656119731751,31.48,32.39,1.75,544.07,0,30.35,31.483333333333324,32.42142857142857
2023-11-18,26.79941846524957,81.35935649734972,33.98,40.81,13.73,657.84,0,31.48,31.936666666666664,31.914285714285715
2023-11-19,26.572653027650016,80.8697132395762,26.91,50.63,4.53,398.1,0,33.98,30.789999999999992,31.314285714285713
2023-11-20,26.74221346462634,80.93478306756515,41.46,60.39,3.89,527.4,0,26.91,34.11666666666667,32.32142857142857
2023-11-21,26.187234866566172,80.4141123741055,25.97,67.76,10.56,571.46,0,41.46,31.446666666666662,31.824285714285715
2023-11-22,26.92465279758053,81.12998916460624,24.93,49.11,14.1,603.17,0,25.97,30.78666666666666,30.725714285714286
2023-11-23,26.85042191637678,81.15022010459995,36.79,62.8,11.46,541.17,0,24.93,29.229999999999993,31.645714285714288
2023-11-24,26.564018979126136,80.92823314405024,34.96,48.67,9.41,475.96,0,36.79,32.22666666666666,32.142857142857146
2023-11-25,27.080735983951342,81.34352367595469,34.12,50.83,9.49,420.69,0,34.96,35.28999999999999,32.16285714285714
2023-11-26,27.178149548169294,80.83307296915703,34.14,38.9,10.13,530.34,0,34.12,34.40666666666666,33.19571428571429
2023-11-27,26.28735404747086,81.14761207406276,30.94,46.15,9.9,391.34,0,34.14,33.06666666666666,31.692857142857143
2023-11-28,26.583046327501823,80.59311748145777,26.51,39.72,8.7,169.44,0,30.94,30.529999999999998,31.77
2023-11-29,26.58080017757445,80.94175674719402,31.38,45.36,8.26,572.39,0,26.51,29.609999999999996,32.691428571428574
2023-11-30,26.5210339146119,80.88897600973401,27.61,75.8,7.84,628.47,0,31.38,28.499999999999996,31.38
2023-12-01,27.140316194676117,81.02885777271433,35.88,45.76,6.12,236.45,0,27.61,31.62333333333333,31.51142857142857
2023-12-02,26.78216085142952,80.82066557490833,30.26,95.0,7.3,398.83,0,35.88,31.25,30.96
2023-12-03,26.75741980554129,80.90398459151491,26.87,67.4,3.77,594.3,0,30.26,31.00333333333333,29.921428571428574
2023-12-04,26.14864817245764,81.23911651000454,29.39,62.77,7.75,766.9,0,26.87,28.839999999999993,29.7
2023-12-05,27.072396310573232,80.79713251696663,33.06,47.12,5.53,522.5,0,29.39,29.77333333333333,30.635714285714283
2023-12-06,26.416259561801287,80.38769801474146,28.18,70.5,5.24,432.64,0,33.06,30.209999999999997,30.178571428571427
2023-12-07,26.870976420593216,81.5623543664719,26.89,51.37,8.45,498.05,0,28.18,29.376666666666665,30.07571428571429
2023-12-08,26.947081928285368,81.43350892754167,32.22,61.83,11.48,684.99,0,26.89,29.096666666666664,29.552857142857142
2023-12-09,27.326230508543528,80.49770805671304,32.22,95.0,10.3,442.48,0,32.22,30.443333333333328,29.83285714285714
2023-12-10,26.391912860308317,81.19139773183582,28.47,58.56,4.07,424.1,0,32.22,30.969999999999995,30.06142857142857
2023-12-11,25.793170745462717,80.77395883030704,28.64,77.24,5.53,462.07,0,28.47,29.77666666666666,29.954285714285714
2023-12-12,26.914347340663795,81.04222052536588,32.16,49.45,10.35,405.6,0,28.64,29.75666666666666,29.825714285714287
2023-12-13,27.4801789135288,81.05297844515472,23.76,59.48,5.54,534.72,0,32.16,28.186666666666664,29.194285714285712
2023-12-14,27.283631223528804,80.86795726988929,23.96,86.56,7.44,714.96,0,23.76,26.62666666666666,28.775714285714283
2023-12-15,26.92338079534612,80.67568201704476,27.41,50.6,9.38,558.77,0,23.96,25.043333333333333,28.088571428571424
2023-12-16,26.677927335028784,80.70831063168932,29.93,87.19,5.58,489.72,0,27.41,27.099999999999994,27.76142857142857
2023-12-17,27.13249290882306,80.62933282958157,32.55,70.62,8.26,484.98,0,29.93,29.963333333333328,28.344285714285718
2023-12-18,26.50925883010344,80.65886222711934,38.38,51.56,4.66,332.42,0,32.55,33.62,29.735714285714288
2023-12-19,27.01672521927468,80.92648759848272,35.29,69.49,6.5,625.97,0,38.38,35.40666666666666,30.18285714285714
2023-12-20,27.02691455570832,80.69948400381124,30.2,74.59,8.8,510.66,0,35.29,34.62333333333333,31.102857142857143
2023-12-21,27.22107346762461,81.18871822299943,30.9,69.33,4.02,498.34,0,30.2,32.129999999999995,32.09428571428571
2023-12-22,27.81588101361888,81.47053615436758,25.99,36.45,9.1,903.17,0,30.9,29.02999999999999,31.891428571428573
2023-12-23,26.98734558851257,80.74698136552048,30.91,49.09,7.95,555.85,0,25.99,29.266666666666662,32.03142857142857
2023-12-24,26.671862731002378,81.03379157518738,29.56,56.29,9.38,429.79,0,30.91,28.819999999999993,31.604285714285716
2023-12-25,26.841048990732805,81.12488978860603,32.61,58.88,8.56,468.84,0,29.56,31.02666666666666,30.779999999999998
2023-12-26,26.23082343328881,81.11520079482175,26.86,69.31,11.41,657.81,0,32.61,29.676666666666662,29.575714285714287
2023-12-27,26.60685040411883,80.97658434377064,33.6,62.67,8.31,533.59,0,26.86,31.02333333333333,30.06142857142857
2023-12-28,26.706751146660416,81.2099388464259,38.66,39.97,6.93,347.41,0,33.6,33.03999999999999,31.169999999999998
2023-12-29,26.66656906072289,81.11878713343823,30.46,65.7,8.31,630.31,0,38.66,34.239999999999995,31.80857142857143
2023-12-30,26.903324205211803,80.51681815218545,33.01,69.16,9.36,439.82,0,30.46,34.04333333333332,32.10857142857143
2023-12-31,26.56215302366623,81.25420462253625,34.45,68.4,8.12,744.8,0,33.01,32.63999999999999,32.80714285714286
2024-01-01,27.242360733563565,81.26055179304336,28.99,76.21,8.1,649.61,0,34.45,32.14999999999999,32.29
2024-01-01,26.85437476266754,80.73742594837573,42.85,51.87,1.64,745.4,1,28.99,35.43,34.574285714285715
2024-01-02,26.85007247272137,80.6828498635375,32.12,72.51,6.25,466.32,0,42.85,34.65333333333333,34.362857142857145
2024-01-02,27.85394106948337,80.92297263417194,48.47,58.91,1.82,693.37,1,32.12,41.14666666666667,35.76428571428571
2024-01-03,26.265990259392638,81.09904528052044,43.23,68.12,4.09,712.53,1,48.47,41.273333333333326,37.58857142857143
2024-01-03,26.846744887601485,80.96327824240666,31.06,66.89,6.34,673.72,0,43.23,40.919999999999995,37.31
2024-01-04,27.22055498545936,81.0963720145608,41.87,58.24,5.69,677.65,1,31.06,38.71999999999999,38.370000000000005
2024-01-04,26.73523684922048,81.18916514748388,31.49,58.95,4.49,528.14,0,41.87,34.80666666666666,38.72714285714285
2024-01-05,26.904316739350644,80.87674016314723,27.13,35.09,12.37,622.33,0,31.49,33.49666666666666,36.481428571428566
2024-01-05,26.78951939191124,80.32839588608306,44.34,50.49,0.88,598.84,1,27.13,34.31999999999999,38.22714285714285
2024-01-06,27.12017205419284,81.3223793456463,43.47,58.45,4.25,745.73,1,44.34,38.31333333333333,37.512857142857136
2024-01-06,27.138784392633674,81.32554231671811,31.12,66.44,4.89,578.17,0,43.47,39.64333333333333,35.78285714285714
2024-01-07,26.546504424501187,81.77735537311678,33.49,63.12,6.27,418.44,0,31.12,36.026666666666664,36.13
2024-01-07,27.004457503094734,81.03839909609881,43.34,49.45,4.21,860.39,1,33.49,35.98333333333333,36.339999999999996
2024-01-08,26.61965922882366,80.67490488857776,38.26,64.07,6.2,442.77,0,43.34,38.36333333333334,37.30714285714286
2024-01-08,26.593395331011504,81.43458621665788,43.71,48.24,7.08,721.47,1,38.26,41.769999999999996,39.675714285714285
2024-01-09,26.93014873736077,81.10546941455173,46.61,44.49,4.42,738.02,1,43.71,42.85999999999999,40.0
2024-01-09,26.74369588992817,80.46663438889618,35.8,40.85,10.24,643.6,0,46.61,42.04,38.90428571428571
2024-01-10,26.1997344920106,81.33546303520752,40.24,63.63,5.57,775.42,1,35.8,40.883333333333326,40.207142857142856
2024-01-10,26.378945176784377,81.05633650846171,41.77,43.78,7.26,479.83,0,40.24,39.269999999999996,41.39
2024-01-11,27.06113662519999,81.11329085900755,43.45,39.82,5.21,618.45,1,41.77,41.82,41.40571428571429
2024-01-11,26.56325974909748,81.20254687679416,27.16,75.8,11.12,471.56,0,43.45,37.46,39.82
2024-01-12,26.95435546309669,81.42117901467097,40.65,63.32,1.8,856.2,1,27.16,37.086666666666666,39.38285714285714
2024-01-12,26.68332269425937,80.86919676915433,35.36,59.41,6.32,405.39,0,40.65,34.38999999999999,37.77571428571429
2024-01-13,27.156036213249457,81.45864123216236,31.92,70.22,8.7,570.83,0,35.36,35.97666666666667,37.221428571428575
2024-01-13,27.07353105902509,81.13278772260622,43.61,53.0,6.15,736.19,1,31.92,36.96333333333333,37.70285714285715
2024-01-14,27.220341413780503,80.91572966374498,40.66,34.01,5.32,850.55,1,43.61,38.73,37.544285714285714
2024-01-14,26.94189646515068,80.48148797009686,41.95,60.42,5.91,767.5,0,40.66,42.07333333333333,37.33
2024-01-15,26.9786669440734,81.74535215215641,41.67,51.68,5.76,661.36,1,41.95,41.42666666666666,39.402857142857144
2024-01-15,26.91775646897864,81.19252151806107,26.96,60.45,13.36,391.9,0,41.67,36.85999999999999,37.44714285714286
2024-01-16,26.9018312969294,81.26116299279796,41.91,27.0,10.89,865.44,1,26.96,36.846666666666664,38.38285714285714
2024-01-16,27.14781428675879,80.7379487127344,26.8,74.07,5.03,522.91,0,41.91,31.889999999999997,37.651428571428575
2024-01-17,26.54162608216855,81.15081054735155,44.45,54.26,1.87,782.01,1,26.8,37.71999999999999,37.771428571428565
2024-01-17,26.80191987406021,81.55178226717256,28.0,52.26,8.77,689.47,0,44.45,33.083333333333336,35.962857142857146
2024-01-18,26.600722732722836,80.50329345421159,44.34,56.85,7.59,764.24,1,28.0,38.93,36.30428571428572
2024-01-18,26.98666269747511,81.64738037360884,20.38,61.44,9.58,510.44,0,44.34,30.906666666666663,33.26285714285714
2024-01-19,26.813872386473623,80.68167019427582,28.37,53.07,9.03,574.28,0,20.38,31.029999999999998,33.464285714285715
2024-01-19,27.265357117062067,80.49909233388776,40.01,42.08,4.57,738.72,1,28.37,29.586666666666662,33.19285714285714
2024-01-20,26.942876822289872,80.757655002432,27.2,53.48,7.54,392.51,0,40.01,31.859999999999996,33.25000000000001
2024-01-20,27.352717391997093,81.05245041874966,42.61,49.24,5.43,700.12,1,27.2,36.60666666666666,32.98714285714286
2024-01-21,26.766661347290785,81.00093241921888,41.08,67.54,4.93,816.04,1,42.61,36.963333333333324,34.855714285714285
2024-01-21,26.646034469835943,81.25085576044293,31.75,55.36,7.68,571.4,0,41.08,38.48,33.05714285714286
2024-01-22,26.86610096153865,80.7350571022471,39.98,42.94,4.36,731.23,1,31.75,37.603333333333325,35.857142857142854
2024-01-22,25.99641399460325,80.81450427257367,32.71,63.33,8.11,497.54,0,39.98,34.813333333333325,36.47714285714285
2024-01-23,26.803002293234798,80.93410607372373,40.38,52.82,7.63,638.29,0,32.71,37.69,36.53
2024-01-23,26.533384968752184,80.99934394486422,42.07,37.41,4.15,562.63,1,40.38,38.38666666666666,38.65428571428571
2024-01-24,27.260464895843608,81.50601942481526,41.88,62.82,5.49,630.63,1,42.07,41.44333333333333,38.550000000000004
2024-01-24,27.34796184763498,80.95888594718984,35.75,78.84,10.41,662.49,0,41.88,39.9,37.78857142857144
2024-01-25,27.17417539078456,80.27811439533082,28.12,46.58,13.53,830.75,0,35.75,35.24999999999999,37.27
2024-01-25,27.082895888292125,81.19339086609261,47.35,67.63,2.72,705.13,1,28.12,37.07333333333333,38.32285714285714
2024-01-26,27.18788911960691,80.94515678886702,26.51,57.2,6.61,589.56,0,47.35,33.99333333333333,37.43714285714286
2024-01-26,27.529426102762315,80.55064702158654,43.37,48.04,6.13,744.8,1,26.51,39.07666666666666,37.864285714285714
2024-01-27,26.54258692298709,80.91097191049997,39.74,58.11,4.38,715.47,1,43.37,36.54,37.53142857142858
2024-01-27,27.282645752632178,80.70859527907754,33.46,53.4,4.58,559.1,0,39.74,38.85666666666666,36.32857142857143
2024-01-28,26.717697235343625,80.6682617317016,41.37,61.41,3.3,817.52,1,33.46,38.19,37.13142857142857
2024-01-28,26.881030156836506,80.77740701216008,24.4,81.7,7.78,543.33,0,41.37,33.07666666666666,36.6
2024-01-29,26.931006072883957,80.814305029257,44.54,40.58,4.32,563.91,1,24.4,36.77,36.19857142857143
2024-01-29,26.91906049759196,81.45527120121409,40.16,62.95,14.45,477.62,0,44.54,36.36666666666667,38.14857142857142
2024-01-30,27.07627133820402,80.80523451702963,46.68,43.15,6.89,731.49,1,40.16,43.79333333333333,38.62142857142857
2024-01-30,26.633821836597978,80.51022258700226,36.9,75.48,5.99,560.62,0,46.68,41.24666666666667,38.215714285714284
2024-01-31,26.73937450039053,81.23462181536179,28.65,37.72,12.1,484.55,0,36.9,37.410000000000004,37.528571428571425
2024-01-31,26.77451632685833,80.7828240460886,39.33,60.31,4.2,574.56,1,28.65,34.96,37.23714285714285
2024-02-01,26.544463618341208,80.51070261980931,38.74,64.85,5.54,780.78,1,39.33,35.57333333333333,39.285714285714285
2024-02-01,27.0655199024199,80.85236297438387,22.43,64.01,12.19,540.22,0,38.74,33.5,36.12714285714286
2024-02-02,27.158492635123253,80.90532086146864,46.24,53.63,3.9,712.44,1,22.43,35.803333333333335,36.99571428571428
2024-02-02,27.271359553009088,80.85208394102646,37.77,73.34,6.62,678.11,0,46.24,35.48,35.722857142857144
2024-02-03,27.10239737689096,80.75378732710344,43.28,39.2,6.14,753.57,1,37.77,42.43,36.63428571428572
2024-02-03,26.80119380351165,81.2266301636181,30.43,61.23,9.42,399.21,0,43.28,37.160000000000004,36.88857142857143
2024-02-04,26.529304064802695,79.92469295849921,40.76,67.87,6.03,650.89,1,30.43,38.156666666666666,37.09285714285715
2024-02-04,26.69243375730201,81.06901795309912,37.19,75.98,12.07,656.79,0,40.76,36.126666666666665,36.871428571428574
2024-02-05,27.324404980386923,81.66854020857558,43.57,42.69,7.77,822.36,1,37.19,40.50666666666666,39.89142857142857
2024-02-05,26.85018478559981,81.14971454902684,23.03,52.24,7.05,678.05,0,43.57,34.596666666666664,36.575714285714284
2024-02-06,27.259569548218813,81.33106937897584,37.23,44.65,4.74,803.34,1,23.03,34.61,36.49857142857143
2024-02-06,27.06042236212519,81.2888646311865,28.0,81.14,7.49,505.83,0,37.23,29.419999999999998,34.315714285714286
2024-02-07,26.344650814353265,80.83404206588584,31.03,94.48,6.55,265.38,0,28.0,32.086666666666666,34.401428571428575
2024-02-07,26.89700377403673,80.81829474627625,42.51,51.42,6.0,766.68,1,31.03,33.846666666666664,34.651428571428575
2024-02-08,26.046336666401967,80.7357171429223,31.23,54.56,5.46,447.06,0,42.51,34.92333333333333,33.800000000000004
2024-02-08,26.87785925183161,80.95658666740921,43.16,63.54,5.15,709.64,1,31.23,38.96666666666666,33.74142857142857
2024-02-09,26.65731210267795,80.57019731570477,28.75,53.32,6.38,675.64,0,43.16,34.379999999999995,34.558571428571426
2024-02-09,27.04392021989057,80.53992097843886,44.35,56.54,6.94,766.39,1,28.75,38.75333333333333,35.575714285714284
2024-02-10,26.548403925410312,81.54350300723381,40.47,52.15,3.92,663.45,1,44.35,37.85666666666666,37.357142857142854
2024-02-10,26.422750650930045,80.66110631450736,34.11,81.8,4.94,517.26,0,40.47,39.64333333333334,37.79714285714285
2024-02-11,26.67215093082344,81.98218304885806,25.66,83.69,8.09,400.08,0,34.11,33.413333333333334,35.39
2024-02-11,26.86051101770743,81.61405104317059,42.67,52.63,6.12,788.44,1,25.66,34.14666666666667,37.02428571428571
2024-02-12,26.798276888413888,81.38563785325788,30.29,52.16,6.08,459.43,0,42.67,32.873333333333335,35.18571428571429
2024-02-12,26.096665759386788,81.00484280488628,40.65,48.44,4.71,851.96,1,30.29,37.870000000000005,36.88571428571429
2024-02-13,26.691363056841947,80.4771239718272,31.6,53.7,8.58,620.87,0,40.65,34.18,35.06428571428571
2024-02-13,27.15675947592603,81.30823572546487,43.01,53.58,4.9,805.65,1,31.6,38.419999999999995,35.42714285714286
2024-02-14,27.35836363706476,80.48713971513975,33.57,55.77,4.11,585.61,0,43.01,36.06,35.35
2024-02-14,26.303477372145352,81.01135037262688,40.71,22.7,5.14,661.63,1,33.57,39.09666666666667,37.5
2024-02-15,27.37619693995015,80.48214609639342,41.68,45.03,5.38,748.91,1,40.71,38.653333333333336,37.35857142857143
2024-02-15,26.96436066761081,81.11865312160147,34.56,39.83,8.83,491.33,0,41.68,38.98333333333334,37.96857142857143
2024-02-16,26.955166025863797,81.14154267908229,25.38,46.22,10.08,475.98,0,34.56,33.873333333333335,35.787142857142854
2024-02-16,26.734457967111744,80.80586182086272,40.51,50.41,4.83,616.55,1,25.38,33.48333333333334,37.06
2024-02-17,26.77591655632409,80.99617478837018,43.8,36.49,5.32,765.79,1,40.51,36.56333333333333,37.17285714285715
2024-02-17,27.06777250041519,81.14210934236108,23.33,44.94,3.02,472.99,0,43.8,35.88,35.709999999999994
2024-02-18,26.45140840877673,80.8607654722562,37.39,48.48,8.94,409.31,0,23.33,34.84,35.23571428571429
2024-02-18,26.630293132870424,80.7909082984398,44.22,51.86,7.37,756.05,1,37.39,34.98,35.598571428571425
2024-02-19,27.213689125597096,80.90609100899898,32.66,59.48,11.07,713.85,0,44.22,38.09,35.32714285714285
2024-02-19,26.749186394127275,80.87347135289774,42.03,45.96,6.48,570.41,1,32.66,39.63666666666666,37.705714285714286
2024-02-20,27.34648597080181,80.91801015487181,42.58,65.55,6.3,627.06,1,42.03,39.09,38.00142857142857
2024-02-20,26.82348249971259,81.06475783345577,27.26,63.51,4.98,481.32,0,42.58,37.29,35.63857142857143
2024-02-21,27.084668216034427,80.98006255220267,38.76,83.26,12.18,666.06,0,27.26,36.2,37.84285714285714
2024-02-21,25.979266970212723,80.92169252574709,39.6,63.73,4.32,697.35,1,38.76,35.20666666666667,38.15857142857143
2024-02-22,26.474849968435947,80.17324486953837,31.58,45.02,9.05,702.56,0,39.6,36.64666666666667,36.35285714285714
2024-02-22,27.296937885130863,80.96829047167412,41.9,43.34,3.67,695.93,1,31.58,37.693333333333335,37.67285714285714
2024-02-23,26.9683082183856,80.57878822676119,42.4,46.49,6.43,623.24,1,41.9,38.62666666666667,37.72571428571428
2024-02-23,26.30618443189438,80.86957012929868,36.9,74.76,6.24,639.8,0,42.4,40.4,36.91428571428571
2024-02-24,27.13626138030876,80.6520077480089,31.34,56.79,7.86,468.21,0,36.9,36.88,37.497142857142855
2024-02-24,26.42754242324997,80.69904434780523,47.74,47.26,6.31,751.12,1,31.34,38.660000000000004,38.779999999999994
2024-02-25,26.473640662432768,80.50039550700501,40.28,43.48,7.21,740.12,1,47.74,39.78666666666667,38.87714285714286
2024-02-26,27.43673755952287,81.29223544239018,45.43,49.95,4.09,704.46,1,40.28,44.48333333333334,40.855714285714285
2024-02-27,26.519072592020045,80.21302357035589,44.49,40.42,4.66,659.54,1,45.43,43.400000000000006,41.22571428571429
2024-02-28,26.446327321291417,81.35375662016092,43.06,36.69,2.54,803.9,1,44.49,44.326666666666675,41.32
2024-02-29,27.248060089827657,81.435222289042,46.02,54.23,4.41,852.43,1,43.06,44.52333333333334,42.62285714285714
2024-03-01,26.96849350670007,80.84423679455608,43.24,54.3,6.49,681.32,1,46.02,44.106666666666676,44.32285714285715
2024-03-02,26.521726048212265,80.03890201926045,43.28,39.96,4.3,671.03,1,43.24,44.18000000000001,43.68571428571429
2024-03-03,26.92581874139162,80.82354130331146,42.39,56.95,5.96,759.3,1,43.28,42.970000000000006,43.98714285714285
2024-03-04,26.490986560725904,80.92753554354891,44.95,41.68,4.71,691.36,1,42.39,43.54,43.91857142857143
2024-03-05,27.235287489447916,80.59629062302488,44.69,50.53,5.49,708.85,1,44.95,44.01000000000001,43.947142857142865
2024-03-06,27.2214798377056,80.76967356216711,41.25,56.2,3.28,779.17,1,44.69,43.63,43.688571428571436
2024-03-07,27.03620216958768,81.48556831960218,39.86,47.66,5.13,567.25,1,41.25,41.93333333333334,42.808571428571426
2024-03-08,26.976581371436456,81.18272450680561,42.09,52.55,0.51,825.46,1,39.86,41.06666666666667,42.644285714285715
2024-03-09,27.466415843703583,80.62640255996767,40.9,42.84,4.72,725.81,1,42.09,40.95000000000001,42.30428571428571
2024-03-10,26.84989021458588,80.3908402906416,42.37,46.04,2.55,687.08,1,40.9,41.78666666666667,42.30142857142857
2024-03-11,26.436344056102723,80.83554393883658,44.97,45.94,6.81,712.86,1,42.37,42.74666666666667,42.30428571428571
2024-03-12,27.007315869491308,80.87529012722734,41.59,40.53,6.17,716.99,1,44.97,42.97666666666667,41.861428571428576
2024-03-13,27.58011646733799,81.12366971557717,42.41,46.23,5.7,581.5,1,41.59,42.99000000000001,42.027142857142856
2024-03-14,26.494834177384952,80.76263915060132,42.62,32.51,7.28,839.6,1,42.41,42.20666666666667,42.42142857142857
2024-03-15,26.723488031657105,81.12902485137666,44.2,43.09,3.58,723.31,1,42.62,43.076666666666675,42.722857142857144
2024-03-16,26.99575611333551,81.62730391402108,38.01,45.15,7.62,755.44,1,44.2,41.61000000000001,42.31
2024-03-17,26.83113330284799,81.23542535785549,41.29,45.44,6.4,796.12,1,38.01,41.166666666666664,42.15571428571429
2024-03-18,26.50619374686794,80.93316902243423,42.92,45.59,4.65,638.31,1,41.29,40.74000000000001,41.86285714285714
2024-03-19,27.242650249680665,80.88589733513135,44.9,47.38,6.7,757.88,1,42.92,43.03666666666667,42.33571428571429
2024-03-20,27.662014252706044,80.82516440303705,41.52,52.79,3.34,698.59,1,44.9,43.113333333333344,42.208571428571425
2024-03-21,26.918646010658367,81.36322431935825,38.75,56.75,3.76,787.74,1,41.52,41.723333333333336,41.65571428571429
2024-03-22,26.5335760985924,80.73044029391704,43.74,41.5,4.09,549.82,1,38.75,41.33666666666667,41.589999999999996
2024-03-23,26.307863816231286,80.96582794815,41.23,35.97,4.21,712.07,1,43.74,41.24,42.050000000000004
2024-03-24,26.94029159342741,80.96791926565838,40.12,37.58,3.42,671.77,1,41.23,41.696666666666665,41.88285714285714
2024-03-25,27.236357070160693,80.77437553251596,41.25,43.13,6.83,754.58,1,40.12,40.86666666666667,41.644285714285715
2024-03-26,27.016308711273386,80.46963705824056,42.13,44.48,4.61,757.6,1,41.25,41.166666666666664,41.24857142857143
2024-03-27,26.8491586556784,81.06304107626619,41.29,40.3,5.53,663.39,1,42.13,41.55666666666667,41.215714285714284
2024-03-28,26.643754921873743,80.92864860985061,38.09,35.04,4.14,663.03,1,41.29,40.50333333333334,41.121428571428574
2024-03-29,26.46774272854867,81.1250841643028,44.29,43.44,2.27,711.15,1,38.09,41.223333333333336,41.199999999999996
2024-03-30,27.14216296421371,80.7632398927463,45.05,49.81,5.41,648.27,1,44.29,42.47666666666667,41.74571428571429
2024-03-31,27.16982006748496,81.37728745458458,43.8,53.95,2.13,787.36,1,45.05,44.38,42.271428571428565
2024-04-01,26.308994574658247,80.64312917657585,40.22,42.43,4.9,690.46,1,43.8,43.02333333333334,42.12428571428571
2024-04-02,27.40644364236324,81.54921409940627,42.1,43.87,2.95,487.44,1,40.22,42.04,42.120000000000005
2024-04-03,27.050924927312906,80.3383272215601,42.49,38.73,7.98,690.01,1,42.1,41.603333333333346,42.29142857142857
2024-04-04,27.33985812580103,81.10216952259492,43.7,47.69,6.37,636.92,1,42.49,42.76333333333334,43.09285714285715
2024-04-05,26.38025528803021,81.11640073888432,43.84,39.52,5.16,589.5,1,43.7,43.34333333333334,43.028571428571425
2024-04-06,26.3719615456046,80.67155502622069,41.03,53.73,6.9,621.01,1,43.84,42.856666666666676,42.45428571428572
2024-04-07,26.79786074158145,81.09853787825136,42.66,30.14,3.73,728.75,1,41.03,42.51000000000001,42.291428571428575
2024-04-08,27.02597454941332,81.39783153441606,43.41,44.4,5.82,826.29,1,42.66,42.366666666666674,42.74714285714286
2024-04-09,27.47872628802444,80.17411340622608,45.41,51.01,5.3,745.05,1,43.41,43.826666666666675,43.21999999999999
2024-04-10,27.097127619835295,81.1259606826218,43.91,49.84,5.4,671.48,1,45.41,44.24333333333334,43.42285714285715
2024-04-11,26.76506155311579,80.07735521288447,44.08,74.93,6.91,756.47,1,43.91,44.46666666666667,43.47714285714285
2024-04-12,26.49077077731694,80.61201731876687,42.67,51.5,6.1,683.27,1,44.08,43.55333333333334,43.31
2024-04-13,27.280500200451705,81.52020822771533,45.32,37.96,5.43,664.43,1,42.67,44.02333333333334,43.92285714285714
2024-04-14,26.51235310098725,80.74637628831279,43.32,47.05,2.52,627.65,1,45.32,43.77,44.01714285714286
2024-04-15,27.419963994170317,80.53914201245686,40.78,30.24,3.56,579.85,1,43.32,43.14000000000001,43.64142857142856
2024-04-16,26.750465372637724,80.88072179485536,45.31,47.19,4.82,688.81,1,40.78,43.13666666666668,43.62714285714286
2024-04-17,27.40670372541625,81.67376721835724,43.9,39.67,5.14,732.64,1,45.31,43.330000000000005,43.62571428571429
2024-04-18,27.08762595152075,80.3089112134779,41.61,57.15,3.3,712.27,1,43.9,43.606666666666676,43.27285714285714
2024-04-19,26.802051578695146,80.58204153092623,41.54,42.5,8.62,686.72,1,41.61,42.35,43.11142857142857
2024-04-20,26.66821126986086,81.47410108911288,43.09,46.83,7.27,644.34,1,41.54,42.080000000000005,42.792857142857144
2024-04-21,26.730682242928875,81.60019582023821,43.43,41.64,5.9,768.66,1,43.09,42.68666666666667,42.808571428571426
2024-04-22,26.99991084233133,80.9137990714984,42.89,65.39,5.11,614.63,1,43.43,43.13666666666668,43.11000000000001
2024-04-23,26.8770047736762,80.51633155411568,43.12,44.79,4.68,782.08,1,42.89,43.146666666666675,42.797142857142866
2024-04-24,26.642166007175955,81.68354522563321,45.9,66.33,3.57,639.82,1,43.12,43.970000000000006,43.082857142857144
2024-04-25,26.79202900638883,81.50805483711223,44.64,56.14,5.12,659.81,1,45.9,44.55333333333334,43.51571428571429
2024-04-26,26.877501960401705,81.18763144571679,42.88,52.82,5.39,602.66,1,44.64,44.473333333333336,43.707142857142856
2024-04-27,26.104943066954817,80.6656591778719,44.38,51.69,3.14,679.89,1,42.88,43.966666666666676,43.89142857142857
2024-04-28,27.01035884017605,80.93283973070669,40.43,51.94,5.5,798.02,1,44.38,42.56333333333334,43.462857142857146
2024-04-29,26.50709757134912,80.8938739716343,43.3,28.72,4.77,761.25,1,40.43,42.70333333333334,43.521428571428565
2024-04-30,26.44633365887799,81.06579795661546,46.12,45.21,2.14,798.27,1,43.3,43.28333333333334,43.949999999999996
2024-05-01,26.25942947851125,81.45785050334597,42.06,56.45,3.71,761.77,1,46.12,43.826666666666675,43.401428571428575
2024-05-02,26.22213762574624,81.2577959643981,40.8,47.51,4.38,631.71,1,42.06,42.99333333333334,42.85285714285715
2024-05-03,26.3755933739107,80.57291837305534,41.2,33.95,7.83,693.54,1,40.8,41.35333333333334,42.612857142857145
2024-05-04,26.60184266482933,81.43177375750685,40.32,47.48,5.83,657.58,1,41.2,40.77333333333334,42.03285714285715
2024-05-05,27.5336406981343,81.05959624900461,40.93,65.04,3.0,826.45,1,40.32,40.81666666666667,42.104285714285716
2024-05-06,26.66594211343668,81.19047302855063,41.76,60.47,5.73,624.26,1,40.93,41.00333333333334,41.88428571428572
2024-05-07,26.912212537193813,81.46328930074752,39.69,47.38,2.68,791.5,1,41.76,40.793333333333344,40.965714285714284
2024-05-08,26.990168485277216,80.56094691267026,42.53,57.51,6.62,791.44,1,39.69,41.326666666666675,41.03285714285715
2024-05-09,26.895872815175547,80.93746104745274,44.3,44.33,4.29,866.37,1,42.53,42.17333333333334,41.53285714285714
2024-05-10,26.822894788745906,80.76399090702428,40.68,30.96,4.86,687.23,1,44.3,42.50333333333334,41.458571428571425
2024-05-11,26.431647182740267,80.4012492011221,45.54,38.76,6.99,776.99,1,40.68,43.50666666666667,42.20428571428572
2024-05-12,27.357824641897725,81.07134849216172,43.52,63.63,3.07,902.53,1,45.54,43.24666666666667,42.574285714285715
2024-05-13,27.48251882527326,81.82904479305455,44.56,45.26,2.9,670.59,1,43.52,44.54,42.97428571428571
2024-05-14,26.26106945705706,80.305972789423,41.18,45.57,4.12,597.2,1,44.56,43.08666666666667,43.18714285714286
2024-05-15,26.49158999318977,80.93870178613268,44.21,45.0,6.56,569.6,1,41.18,43.31666666666667,43.42714285714286
2024-05-16,26.75206638016805,81.17419002727617,40.32,67.04,2.72,777.02,1,44.21,41.903333333333336,42.85857142857144
2024-05-17,26.512411771781437,80.99307737057967,44.28,64.26,0.75,569.35,1,40.32,42.93666666666667,43.37285714285714
2024-05-18,27.027087943709557,80.9104051816195,42.84,70.19,4.32,690.21,1,44.28,42.48000000000001,42.987142857142864
2024-05-19,26.595104729157686,80.49527427279396,43.61,46.41,5.83,754.99,1,42.84,43.576666666666675,43.0
2024-05-20,27.607769623732317,81.03147536002906,40.15,50.96,6.8,734.81,1,43.61,42.20000000000001,42.370000000000005
2024-05-21,27.26669200802026,80.68513260804443,40.71,32.83,4.31,754.04,1,40.15,41.49000000000001,42.30285714285714
2024-05-22,26.92440091072128,80.18352740325751,43.69,62.77,4.38,737.78,1,40.71,41.51666666666667,42.228571428571435
2024-05-23,27.20944519216191,81.3681072771798,40.6,36.32,6.73,822.31,1,43.69,41.66666666666667,42.26857142857143
2024-05-24,27.23706514852506,81.28543503694472,43.43,50.17,2.2,643.81,1,40.6,42.573333333333345,42.14714285714286
2024-05-25,26.652618379179614,80.96808134189789,39.77,37.03,4.42,665.84,1,43.43,41.26666666666667,41.70857142857143
2024-05-26,26.564323964410317,81.030176140872,44.2,42.11,5.29,658.19,1,39.77,42.466666666666676,41.792857142857144
2024-05-27,26.877350072039377,81.32601130445045,40.03,39.63,5.67,786.42,1,44.2,41.33333333333334,41.77571428571429
2024-05-28,27.151572643574283,81.02851887987234,43.6,41.92,4.24,792.03,1,40.03,42.61000000000001,42.18857142857143
2024-05-29,26.898671139528695,81.26640614416647,43.75,42.61,5.05,756.1,1,43.6,42.46000000000001,42.19714285714286
2024-05-30,26.298051231233156,80.84588122969416,41.11,42.52,1.27,814.68,1,43.75,42.82,42.269999999999996
2024-05-31,26.569011444617207,81.40919430850089,43.66,56.33,4.01,625.76,1,41.11,42.84,42.30285714285714
2024-06-01,26.82410949774197,81.06227500407644,43.02,36.95,5.68,853.38,1,43.66,42.59666666666667,42.76714285714286
2024-06-02,26.82351703848596,81.01791818026206,41.42,50.21,3.53,841.86,1,43.02,42.70000000000001,42.37
2024-06-03,27.540389761876437,80.50547861895079,40.48,60.18,5.09,778.85,1,41.42,41.64000000000001,42.434285714285714
2024-06-04,26.36490422016035,81.0504345490056,38.57,42.87,5.67,862.54,1,40.48,40.15666666666667,41.715714285714284
2024-06-05,27.02695623464256,80.65881577887694,43.2,40.82,4.49,587.47,1,38.57,40.75000000000001,41.637142857142855
2024-06-06,27.371189587914905,80.72660104571503,39.37,45.69,5.26,678.04,1,43.2,40.38,41.38857142857143
2024-06-07,27.64500741089798,80.66461853008936,42.69,59.8,3.56,661.18,1,39.37,41.75333333333334,41.25
2024-06-08,26.708460901885616,80.57681777383527,41.97,49.94,4.69,777.72,1,42.69,41.343333333333334,41.1
2024-06-09,27.02200030845207,81.69366999105594,43.86,42.69,5.92,635.99,1,41.97,42.84,41.44857142857143
2024-06-10,27.04941612501953,81.41596867169595,41.9,52.84,5.24,780.6,1,43.86,42.57666666666667,41.651428571428575
2024-06-11,26.91841860604365,81.62212862575049,41.84,36.98,4.12,829.64,1,41.9,42.53333333333334,42.11857142857143
2024-06-12,26.815404179566244,80.52198674315555,43.96,54.81,5.34,775.62,1,41.84,42.56666666666667,42.22714285714286
2024-06-13,27.00259138632502,80.97493881246882,43.17,52.09,6.07,742.7,1,43.96,42.99000000000001,42.769999999999996
2024-06-14,25.963713870173112,80.49727233117856,43.13,44.92,1.93,640.97,1,43.17,43.42000000000001,42.83285714285715
2024-06-15,27.088724321521923,80.70650679298103,43.44,39.61,6.74,652.25,1,43.13,43.24666666666667,43.04285714285714
2024-06-16,26.89416226628169,80.6286555558042,39.43,39.13,4.5,819.97,1,43.44,42.00000000000001,42.410000000000004
2024-06-17,26.772133786127608,81.38385440225456,44.01,53.35,5.64,782.35,1,39.43,42.29333333333334,42.71142857142858
2024-06-18,27.566401768501848,80.81131961266439,43.72,60.29,6.8,716.88,1,44.01,42.38666666666667,42.980000000000004
2024-06-19,26.61377309342331,81.32393276679291,40.47,41.63,2.94,686.57,1,43.72,42.73333333333334,42.48142857142857
2024-06-20,26.70892340382724,81.16144231135598,42.01,52.58,3.94,557.94,1,40.47,42.06666666666667,42.315714285714286
2024-06-21,27.54704365577166,81.75627356323668,42.42,27.13,4.57,634.33,1,42.01,41.63333333333333,42.214285714285715
2024-06-22,26.55877854330255,80.4321945219011,42.23,42.15,3.82,872.91,1,42.42,42.220000000000006,42.04142857142857
2024-06-23,26.65745965097221,81.39073163392538,43.17,47.69,7.6,617.56,1,42.23,42.60666666666667,42.575714285714284
2024-06-24,26.79854110179921,81.35125430464026,45.36,38.9,3.71,735.16,1,43.17,43.586666666666666,42.76857142857143
2024-06-25,27.144257068745343,80.60931740669054,44.66,38.63,4.17,800.6,1,45.36,44.39666666666667,42.902857142857144
2024-06-26,26.92273087757366,81.30249666776561,39.88,41.32,5.31,619.61,1,44.66,43.300000000000004,42.81857142857143
2024-06-27,26.39758112849671,81.06765073705918,43.74,50.92,3.2,734.78,1,39.88,42.76000000000001,43.065714285714286
2024-06-28,26.66374100290549,80.8703833090163,45.16,46.13,4.41,795.03,1,43.74,42.92666666666668,43.45714285714286
